site,year,id,species,basal.area.cm2,x,y,notes
McGilvra Woods,2019,2109,Acer saccharum,340.3655782,48,36.4,
McGilvra Woods,2019,2110,Acer saccharum,104.2815018,44.2,37.1,
McGilvra Woods,2019,2111,Acer saccharum,156.8758443,40.9,38.2,
McGilvra Woods,2019,2112,Acer saccharum,84.05370432,40.5,41.4,
McGilvra Woods,2019,2113,Carya cordiformis,439.3066359,37.7,37.5,
McGilvra Woods,2019,2114,Acer saccharum,950.671468,39.9,43.9,
McGilvra Woods,2019,2115,Acer saccharum,936.8058894,37.7,45.1,
McGilvra Woods,2019,2116,Tilia americana,1661.5975,38.2,47,
McGilvra Woods,2019,2117,Acer saccharum,739.51026,35.3,46,
McGilvra Woods,2019,2118,Quercus rubra,4500.013706,33.3,47.8,
McGilvra Woods,2019,2120,Tilia americana,798.9609974,29.4,41.7,
McGilvra Woods,2019,2121,Acer saccharum,511.8454801,21.5,43.7,
McGilvra Woods,2019,2122,Acer saccharum,802.3836245,16.1,49.7,
McGilvra Woods,2019,2124,Fraxinus americana,1850.673573,13.9,45,
McGilvra Woods,2019,2125,Acer saccharum,698.6655312,11.6,45,
McGilvra Woods,2019,2126,Fraxinus americana,1424.63091,7.9,45.3,
McGilvra Woods,2019,2127,Fraxinus americana,2747.144825,8,41.6,
McGilvra Woods,2019,2128,Acer saccharum,1168.948494,3.9,41.2,
McGilvra Woods,2019,2130,Fraxinus americana,1115.56156,0.7,41.6,
McGilvra Woods,2019,2131,Acer saccharum,421.7478668,1.6,33.9,
McGilvra Woods,2019,2132,Acer saccharum,1428.893079,1.4,27.4,
McGilvra Woods,2019,2133,Acer saccharum,202.9424468,3,21.6,
McGilvra Woods,2019,2134,Quercus alba,3502.685171,8.6,17.7,
McGilvra Woods,2019,2135,Acer saccharum,93.6220995,8.7,17.5,
McGilvra Woods,2019,2136,Acer saccharum,117.9537072,13.4,17,
McGilvra Woods,2019,2137,Acer saccharum,90.37533866,17,21.2,
McGilvra Woods,2019,2138,Acer saccharum,271.4037414,11.6,23.3,
McGilvra Woods,2019,2139,Tilia americana,1412.344944,12,25.9,
McGilvra Woods,2019,2140,Tilia americana,1979.035217,13.6,30,
McGilvra Woods,2019,2141,Tilia americana,1307.874843,16.5,35.2,
McGilvra Woods,2019,2142,Acer saccharum,171.3271131,9,29.1,
McGilvra Woods,2019,2143,Acer saccharum,72.097985,6.8,29.5,
McGilvra Woods,2019,2144,Tilia americana,2161.247733,9.4,30.3,
McGilvra Woods,2019,2145,Acer saccharum,522.1077908,7.7,33.8,
McGilvra Woods,2019,2146,Acer saccharum,133.1179902,8.6,33.5,
McGilvra Woods,2019,2147,Acer saccharum,1480.535675,14,39.6,
McGilvra Woods,2019,2148,Acer saccharum,850.8073117,13.7,37.9,
McGilvra Woods,2019,2149,Acer saccharum,496.6429999,19.5,37.2,
McGilvra Woods,2019,2150,Acer saccharum,494.1315349,22.2,35.8,
McGilvra Woods,2019,2151,Acer saccharum,1691.629242,24.3,36,
McGilvra Woods,2019,2152,Acer saccharum,299.0274691,23.7,30.3,
McGilvra Woods,2019,2153,Acer saccharum,164.7452605,17.4,28.7,
McGilvra Woods,2019,2154,Acer saccharum,626.0908771,19.3,24.7,
McGilvra Woods,2019,2155,Acer saccharum,444.0494532,19.6,22.3,
McGilvra Woods,2019,2156,Tilia americana,1103.28196,20.2,19.7,
McGilvra Woods,2019,2158,Ulmus americana,459.6394756,24,14.3,
McGilvra Woods,2019,2160,Fraxinus americana,178.79148,18.6,9.6,
McGilvra Woods,2019,2161,Acer saccharum,233.7699635,14.7,11.9,
McGilvra Woods,2019,2162,Acer saccharum,295.1377222,12.3,9.4,
McGilvra Woods,2019,2163,Acer saccharum,1482.707344,7.9,8.6,
McGilvra Woods,2019,2164,Acer saccharum,1493.589563,5.9,6.8,
McGilvra Woods,2019,2165,Quercus rubra,1929.156058,9,13,
McGilvra Woods,2019,2166,Acer saccharum,85.61262699,8.2,14.4,
McGilvra Woods,2019,2167,Acer saccharum,709.1434968,5.6,12.6,
McGilvra Woods,2019,2168,Acer saccharum,406.8199289,5,14.6,
McGilvra Woods,2019,2169,Fraxinus americana,1931.634896,4.1,13.9,
McGilvra Woods,2019,2170,Tilia americana,3170.99115,9.7,0.7,
McGilvra Woods,2019,2171,Acer saccharum,24.17324853,3.6,2.2,
McGilvra Woods,2019,2172,Acer saccharum,1016.124734,2.8,0.4,
McGilvra Woods,2019,2173,Tilia americana,1892.164471,14.3,5.6,
McGilvra Woods,2019,2174,Acer saccharum,481.6697029,17.2,1.1,
McGilvra Woods,2019,2175,Acer saccharum,589.9245078,19.3,1.9,
McGilvra Woods,2019,2176,Acer saccharum,20.11798058,18.9,1.5,
McGilvra Woods,2019,2178,Acer saccharum,12.83505039,22.5,1.7,
McGilvra Woods,2019,2179,Acer saccharum,1239.422302,20.9,1.1,
McGilvra Woods,2019,2180,Acer saccharum,192.6284107,21.4,5.5,
McGilvra Woods,2019,2181,Acer saccharum,156.8758443,20.9,6.3,
McGilvra Woods,2019,2182,Carya cordiformis,1007.152374,21.9,7.5,
McGilvra Woods,2019,2183,Ulmus americana,220.1717652,23,9.1,
McGilvra Woods,2019,2184,Acer saccharum,2.32047907,28.3,5.6,
McGilvra Woods,2019,2185,Carya cordiformis,2.151774831,28.4,0.5,
McGilvra Woods,2019,2186,Prunus serotina,1167.020331,26.7,3.9,
McGilvra Woods,2019,2187,Acer saccharum,429.8973957,33.7,7,
McGilvra Woods,2019,2188,Acer saccharum,1025.136883,36.2,6.5,
McGilvra Woods,2019,2189,Acer saccharum,89.83978228,36.7,10.6,
McGilvra Woods,2019,2190,Acer saccharum,412.5296125,37.5,6.8,
McGilvra Woods,2019,2191,Acer saccharum,321.8876893,35.7,2.1,
McGilvra Woods,2019,2192,Acer saccharum,1420.375107,40.6,1.6,
McGilvra Woods,2019,2193,Acer saccharum,30.25933356,41.8,1.9,
McGilvra Woods,2019,2194,Acer saccharum,199.7402494,46.4,5.5,
McGilvra Woods,2019,2195,Acer saccharum,492.8781897,49.2,11.2,
McGilvra Woods,2019,2196,Tilia americana,1217.925244,42.5,8.5,
McGilvra Woods,2019,2197,Acer saccharum,75.49037261,42,11.5,
McGilvra Woods,2019,2198,Acer saccharum,141.7147444,46.1,17,
McGilvra Woods,2019,2199,Acer saccharum,317.8515199,47.4,16.1,
McGilvra Woods,2019,2200,Quercus rubra,9214.447318,44.4,15.8,
McGilvra Woods,2019,2201,Acer saccharum,101.9896706,41.3,20.2,
McGilvra Woods,2019,2202,Acer saccharum,579.0128449,39.3,20.3,
McGilvra Woods,2019,2203,Acer saccharum,127.3239545,37.2,20.8,
McGilvra Woods,2019,2204,Carya cordiformis,1843.348466,34.4,18,
McGilvra Woods,2019,2205,Acer saccharum,7.487444298,24.9,18.3,
McGilvra Woods,2019,2206,Acer saccharum,69.25229461,24.6,23.1,
McGilvra Woods,2019,2207,Quercus rubra,1853.101481,24.5,25,
McGilvra Woods,2019,2208,Acer saccharum,116.1226296,24.4,23.8,
McGilvra Woods,2019,2209,Acer saccharum,153.3624989,26.3,28.3,
McGilvra Woods,2019,2210,Acer saccharum,2235.312077,28,31.9,
McGilvra Woods,2019,2211,Acer saccharum,167.6546128,31.3,36.1,
McGilvra Woods,2019,2212,Fraxinus americana,627.5033772,33.2,34.4,
McGilvra Woods,2019,2213,Acer saccharum,884.0388638,31,29.1,
McGilvra Woods,2019,2214,Acer saccharum,1299.72611,32.4,30,
McGilvra Woods,2019,2215,Acer saccharum,1136.386188,40.2,25.7,
McGilvra Woods,2019,2216,Acer saccharum,144.4140123,7,46.5,
McGilvra Woods,2019,2217,Quercus rubra,3732.159542,44,23.5,
McGilvra Woods,2019,2218,Acer saccharum,583.0927819,43.3,25.8,
McGilvra Woods,2019,2219,Acer saccharum,165.4702112,42.3,27.6,
McGilvra Woods,2019,2220,Acer saccharum,166.9248874,43.1,29.7,
McGilvra Woods,2019,2221,Carya cordiformis,1740.710239,44.4,28.5,
McGilvra Woods,2019,2222,Acer saccharum,249.5549508,46.6,28.7,
McGilvra Woods,2019,2223,Acer saccharum,991.102394,46.9,26.4,
McGilvra Woods,2019,2022,Acer saccharum,970.8045684,13.6,68.1,Stem 2 65cm
McGilvra Woods,2019,2023,Acer saccharum,65.54716754,17.9,68,
McGilvra Woods,2019,2024,Acer saccharum,184.877565,6.7,67.8,
McGilvra Woods,2019,2030,Acer saccharum,383.2737509,1.4,68.7,
McGilvra Woods,2019,2031,Acer saccharum,55.88327939,3,67.1,
McGilvra Woods,2019,2032,Tilia americana,2634.709815,4.4,64.8,"3 stems, 94.1 and 100.7cm"
McGilvra Woods,2019,2033,Acer saccharum,95.81843771,0,0,
McGilvra Woods,2019,2034,Acer saccharum,57.15572316,0,56.9,
McGilvra Woods,2019,2035,Acer saccharum,121.6588343,7.5,56.4,
McGilvra Woods,2019,2036,Fraxinus americana,1227.533428,10.1,56.2,
McGilvra Woods,2019,2039,Acer saccharum,1966.505744,14.7,60.7,
McGilvra Woods,2019,2040,Acer saccharum,741.0453094,11.4,64.5,
McGilvra Woods,2019,2041,Acer saccharum,84.57175366,10.2,64,
McGilvra Woods,2019,2042,Carya cordiformis,943.7259463,9.2,63.5,"Throw out ash that has the same number, misidentified"
McGilvra Woods,2019,2043,Acer saccharum,477.9621885,15.3,55.2,
McGilvra Woods,2019,2044,Fraxinus americana,1229.510928,17,56.5,
McGilvra Woods,2019,2045,Acer saccharum,219.3354059,20.6,57.5,
McGilvra Woods,2019,2046,Acer saccharum,198.1486999,19.9,52.7,
McGilvra Woods,2019,2047,Acer saccharum,522.1077908,21.1,52.4,
McGilvra Woods,2019,2048,Tilia americana,1161.245394,24.4,56.4,One stem dead
McGilvra Woods,2019,2049,Acer saccharum,99.16069152,21.5,62.3,
McGilvra Woods,2019,2050,Acer saccharum,1172.809593,27.9,64.2,
McGilvra Woods,2019,2051,Acer saccharum,700.1576087,32.7,65,
McGilvra Woods,2019,2052,Tilia americana,17.4043888,31.8,68.7,"Stem 1 is 6.4, 2 is 7.0, 3 is 4.3, 4 is 3.5"
McGilvra Woods,2019,2095,Acer saccharum,1826.482021,36.9,67.8,
McGilvra Woods,2019,2097,Acer saccharum,20.11798058,44,61.5,
McGilvra Woods,2019,2098,Acer saccharum,14.71864914,45.8,62.3,
McGilvra Woods,2019,2099,Tilia americana,1420.375107,39.2,58,
McGilvra Woods,2019,2100,Fraxinus americana,1068.949056,9.8,58.3,
McGilvra Woods,2019,2102,Acer saccharum,756.4833389,31.2,54.8,
McGilvra Woods,2019,2103,Acer saccharum,996.4380635,33.1,54.2,
McGilvra Woods,2019,2104,Fraxinus americana,1203.927567,31.1,52.6,
McGilvra Woods,2019,2105,Acer saccharum,701.6512779,34.1,51.3,
McGilvra Woods,2019,2106,Acer saccharum,989.3270206,38.2,51.8,
McGilvra Woods,2019,2107,Acer saccharum,1087.474691,38.6,54.2,
McGilvra Woods,2019,2108,Acer saccharum,435.7662342,44.2,52.3,
McGilvra Woods,2019,2119,Acer saccharum,0.974824026,69.4,57.5,
McGilvra Woods,2019,2123,Acer saccharum,0.919915571,91.3,58.5,
McGilvra Woods,2019,2224,Acer saccharum,2006.740114,50.1,47.6,
McGilvra Woods,2019,2225,Acer saccharum,747.2014226,62.9,48.8,
McGilvra Woods,2019,2226,Acer saccharum,124.7902078,62.3,45.4,
McGilvra Woods,2019,2227,Acer saccharum,263.1030153,61.8,42,
McGilvra Woods,2019,2228,Prunus serotina,565.5165058,59.1,41.3,
McGilvra Woods,2019,2229,Acer saccharum,151.9683016,57.8,42.7,
McGilvra Woods,2019,2230,Fraxinus americana,1005.362677,54.5,42.7,
McGilvra Woods,2019,2231,Acer saccharum,316.8464565,54.4,39.1,
McGilvra Woods,2019,2232,Fraxinus americana,2374.605279,60.9,36.4,2 stems. Second stem circumference 131.6
McGilvra Woods,2019,2233,Acer saccharum,69.25229461,58.4,34.9,
McGilvra Woods,2019,2234,Acer saccharum,90.37533866,53.7,34.3,
McGilvra Woods,2019,2235,Tilia americana,6876.796225,51,32.6,3 stems. Circumferences 161.0 and 201.6
McGilvra Woods,2019,2236,Acer saccharum,584.455944,52,39.6,
McGilvra Woods,2019,2237,Acer saccharum,179.5466702,50.5,40.6,
McGilvra Woods,2019,2238,Acer saccharum,244.2359926,58.6,30.5,
McGilvra Woods,2019,2239,Acer saccharum,258.5472051,62.2,31.5,
McGilvra Woods,2019,2240,Acer saccharum,160.4289784,62.7,33.2,
McGilvra Woods,2019,2241,Acer saccharum,203.746975,69.7,32.9,
McGilvra Woods,2019,2242,Acer saccharum,1476.197111,70.5,33.5,
McGilvra Woods,2019,2244,Acer saccharum,496.6429999,71.1,38.4,
McGilvra Woods,2019,2245,Acer saccharum,122.2819259,75.8,37.5,
McGilvra Woods,2019,2246,Acer saccharum,145.7731955,77.7,40,
McGilvra Woods,2019,2247,Acer saccharum,557.4950966,72.8,42.2,
McGilvra Woods,2019,2248,Acer saccharum,1050.582575,71.1,43.9,
McGilvra Woods,2019,2251,Carya cordiformis,1144.006527,80.1,47.5,
McGilvra Woods,2019,2252,Acer saccharum,303.6588779,81.2,49.9,2 stems
McGilvra Woods,2019,2253,Acer saccharum,719.6994484,79.6,44.9,
McGilvra Woods,2019,2254,Acer saccharum,1682.360058,83.6,44.9,
McGilvra Woods,2019,2255,Acer saccharum,36.78468622,87.7,47.4,
McGilvra Woods,2019,2256,Acer saccharum,469.3670258,92.9,47.8,
McGilvra Woods,2019,2257,Acer saccharum,1926.678811,96.2,45.7,
McGilvra Woods,2019,2258,Acer saccharum,55.88327939,93.2,40.9,
McGilvra Woods,2019,2259,Acer saccharum,1650.11845,71.7,37.7,
McGilvra Woods,2019,2260,Acer saccharum,198.9436789,95.1,35.9,
McGilvra Woods,2019,2261,Ulmus americana,1966.505744,99,38,
McGilvra Woods,2019,2263,Acer saccharum,391.044491,97.8,30.9,
McGilvra Woods,2019,2264,Ulmus americana,1931.634896,93.4,27.2,
McGilvra Woods,2019,2265,Acer saccharum,1677.735016,88.3,27.4,
McGilvra Woods,2019,2266,Acer saccharum,2434.27565,90.4,23.2,
McGilvra Woods,2019,2267,Acer saccharum,1778.576383,91.6,15.1,
McGilvra Woods,2019,2268,Acer saccharum,471.8148288,90.3,14.3,
McGilvra Woods,2019,2269,Acer saccharum,516.9639031,92.6,10,
McGilvra Woods,2019,2270,Acer saccharum,789.4212501,96,9.9,
McGilvra Woods,2019,2271,Acer saccharum,232.047907,98.5,18.5,
McGilvra Woods,2019,2272,Ulmus americana,1717.250801,97.9,25,
McGilvra Woods,2019,2273,Acer saccharum,36.44329887,100,4,
McGilvra Woods,2019,2274,Acer saccharum,14.50299419,95.7,6.2,
McGilvra Woods,2019,2275,Acer saccharum,20.88431163,89,5.9,
McGilvra Woods,2019,2276,Quercus rubra,4812.675183,88.7,0,2 stems
McGilvra Woods,2019,2277,Acer saccharum,172.0663879,85.8,1.7,
McGilvra Woods,2019,2278,Acer saccharum,89.83978228,83,2.1,
McGilvra Woods,2019,2279,Prunus serotina,531.170869,82.2,1.1,
McGilvra Woods,2019,2280,Acer saccharum,0.866598665,93.1,27.8,
McGilvra Woods,2019,2281,Prunus serotina,532.4719607,78.4,0,
McGilvra Woods,2019,2282,Acer saccharum,211.0593489,75.9,2.6,
McGilvra Woods,2019,2283,Acer saccharum,513.1226985,70.4,4.5,
McGilvra Woods,2019,2284,Acer saccharum,22.72812165,69.8,8.9,
McGilvra Woods,2019,2285,Acer saccharum,131.172321,67.6,2.8,
McGilvra Woods,2019,2286,Acer saccharum,617.6492989,66.3,2.6,
McGilvra Woods,2019,2287,Acer saccharum,55.88327939,62.6,3.9,
McGilvra Woods,2019,2288,Tilia americana,4263.429883,52.75,5.4,"2 stems, other dBm 217.2cm"
McGilvra Woods,2019,2289,Acer saccharum,536.384785,55.2,7.3,
McGilvra Woods,2019,2290,Acer saccharum,523.3977416,57.6,13.9,
McGilvra Woods,2019,2291,Acer saccharum,1019.724819,60.7,11.4,
McGilvra Woods,2019,2292,Acer saccharum,404.5471963,59.6,8.6,
McGilvra Woods,2019,2293,Acer saccharum,931.632558,65,13.5,
McGilvra Woods,2019,2294,Acer saccharum,914.4915706,68.5,15.4,
McGilvra Woods,2019,2295,Tilia americana,1768.037143,75.1,16.3,
McGilvra Woods,2019,2296,Acer saccharum,240.7218514,78.1,16.8,
McGilvra Woods,2019,2297,Acer saccharum,280.7779675,79.7,18.2,
McGilvra Woods,2019,2298,Acer saccharum,159.7151685,9.1,74.2,
McGilvra Woods,2019,2300,Acer saccharum,3393.362436,77,10.5,
McGilvra Woods,2019,2301,Acer saccharum,998.2198031,81.5,11.9,
McGilvra Woods,2019,2302,Acer saccharum,253.1327539,82.9,11.9,
McGilvra Woods,2019,2304,Acer saccharum,1121.221905,84.1,15.1,
McGilvra Woods,2019,2305,Acer saccharum,554.834026,85.7,9.5,
McGilvra Woods,2019,2306,Acer saccharum,1096.797192,79.9,25.9,
McGilvra Woods,2019,2307,Ulmus rubra,660.4301476,83.7,28.4,
McGilvra Woods,2019,2308,Ulmus rubra,529.8713689,85.3,32.8,No bacon bark plus mucilaginius inner bark
McGilvra Woods,2019,2309,Acer saccharum,211.0593489,82.4,33,
McGilvra Woods,2019,2310,Acer saccharum,761.1457829,81.8,35.6,
McGilvra Woods,2019,2311,Acer saccharum,366.8847706,78.2,34.1,
McGilvra Woods,2019,2312,Acer saccharum,1098.666467,77.6,35.3,
McGilvra Woods,2019,2313,Acer saccharum,598.1751001,73.4,36,
McGilvra Woods,2019,2314,Acer saccharum,1322.196401,71.6,28.8,
McGilvra Woods,2019,2315,Acer saccharum,1008.943663,75.8,24.5,
McGilvra Woods,2019,2316,Acer saccharum,121.6588343,72.6,24.2,
McGilvra Woods,2019,2317,Acer saccharum,566.8589777,69,24.9,
McGilvra Woods,2019,2318,Acer saccharum,459.6394756,67.6,26.6,
McGilvra Woods,2019,2319,Acer saccharum,484.1493369,63.9,27.2,
McGilvra Woods,2019,2320,Prunus serotina,1437.436516,68.3,20.2,
McGilvra Woods,2019,2321,Acer saccharum,1037.820736,66.1,21.3,
McGilvra Woods,2019,2322,Acer saccharum,1480.535675,62.9,19.9,
McGilvra Woods,2019,2323,Acer saccharum,677.9435576,63.1,16,
McGilvra Woods,2019,2324,Acer saccharum,234.6333791,58.5,21.1,
McGilvra Woods,2019,2325,Tilia americana,5096.987982,53.6,18.3,3 stems. Circumferencees 160.6 and 136.8
McGilvra Woods,2019,2326,Acer saccharum,77.9612531,54.2,26,
McGilvra Woods,2019,2327,Acer saccharum,130.5269477,51.2,25.6,
McGilvra Woods,2019,2328,Acer saccharum,456.0179049,50,54.4,
McGilvra Woods,2019,2329,Acer saccharum,940.2627348,52.2,53.7,
McGilvra Woods,2019,2330,Acer saccharum,16.04600136,53.7,55.1,
McGilvra Woods,2019,2331,Acer saccharum,1831.307599,52,59.6,
McGilvra Woods,2019,2332,Acer saccharum,412.5296125,52.3,51.6,
McGilvra Woods,2019,2333,Acer saccharum,1921.729093,60,50.6,
McGilvra Woods,2019,2334,Acer saccharum,670.6184513,61.5,52.7,
McGilvra Woods,2019,2335,Acer saccharum,38.16615113,60,54.2,
McGilvra Woods,2019,2336,Acer saccharum,79.46287999,69.4,51.9,
McGilvra Woods,2019,2337,Acer saccharum,1138.288885,70.6,52.7,
McGilvra Woods,2019,2338,Acer saccharum,887.3970331,70.8,54.9,
McGilvra Woods,2019,2339,Carya cordiformis,1946.541348,74.6,60.5,
McGilvra Woods,2019,2340,Acer saccharum,184.877565,76.5,63,
McGilvra Woods,2019,2341,Acer saccharum,178.0378813,75.4,56.4,
McGilvra Woods,2019,2342,Acer saccharum,1217.669801,80.2,58.1,
McGilvra Woods,2019,2343,Acer saccharum,94.71708551,84.6,60.1,
McGilvra Woods,2019,2344,Acer saccharum,1000.003134,86.7,61.2,
McGilvra Woods,2019,2345,Acer saccharum,83.53724653,87,59,
McGilvra Woods,2019,2346,Acer saccharum,58.87459655,86.9,54.2,
McGilvra Woods,2019,2347,Acer saccharum,43.57344032,87.8,52,
McGilvra Woods,2019,2348,Acer saccharum,1245.388225,88.6,52.9,
McGilvra Woods,2019,2350,Acer saccharum,1043.280546,99.1,51.4,
McGilvra Woods,2019,2351,Acer saccharum,310.8494982,99.3,54.8,
McGilvra Woods,2019,2352,Prunus serotina,875.6712927,96.2,59.3,
McGilvra Woods,2019,2353,Acer saccharum,226.9199348,95,60.1,
McGilvra Woods,2019,2354,Acer saccharum,1113.677961,98.7,64,
McGilvra Woods,2019,2355,Acer saccharum,1627.279716,98.4,65.3,
McGilvra Woods,2019,2356,Acer saccharum,103.7061567,94.6,66.4,
McGilvra Woods,2019,2357,Acer saccharum,516.9639031,92.8,65.1,
McGilvra Woods,2019,2366,Acer saccharum,798.9609974,83.5,65.7,
McGilvra Woods,2019,2367,Acer saccharum,365.8049043,84.1,63.7,
McGilvra Woods,2019,2368,Acer saccharum,147.1387449,86.8,63.6,
McGilvra Woods,2019,2369,Acer saccharum,77.4638939,20.7,65.4,
McGilvra Woods,2019,2370,Acer saccharum,1344.859269,70,63.3,
McGilvra Woods,2019,2371,Acer saccharum,130.5269477,71.6,67.3,
McGilvra Woods,2019,2372,Acer saccharum,1257.363043,87.1,65.7,
McGilvra Woods,2019,2373,Acer saccharum,962.8874057,66,63.7,
McGilvra Woods,2019,2374,Acer saccharum,1087.474691,63.2,63.8,
McGilvra Woods,2019,2375,Acer saccharum,661.8808449,81.3,61.1,
McGilvra Woods,2019,2376,Carya cordiformis,819.8270062,56.1,64.4,
McGilvra Woods,2019,2377,Acer saccharum,2670.798199,53.7,68.9,
McGilvra Woods,2019,2378,Acer saccharum,198.9436789,51.8,64.5,
McGilvra Woods,2019,2383,Acer saccharum,100.8533043,59.1,69.2,
McGilvra Woods,2019,2001,Quercus rubra,3406.521367,0.4,98.7,
McGilvra Woods,2019,2002,Acer saccharum,742.5819504,0.5,84.8,
McGilvra Woods,2019,2003,Acer saccharum,602.3218821,3.7,96.7,
McGilvra Woods,2019,2004,Acer saccharum,446.4304111,6.4,98.5,
McGilvra Woods,2019,2005,Acer saccharum,557.4950966,7.3,97.3,
McGilvra Woods,2019,2006,Acer saccharum,716.6755045,5.6,94.8,
McGilvra Woods,2019,2007,Acer saccharum,637.4354415,3.9,92.9,
McGilvra Woods,2019,2008,Acer saccharum,393.2790264,5.8,91.1,
McGilvra Woods,2019,2009,Tilia americana,1310.585252,7,86.8,
McGilvra Woods,2019,2010,Fraxinus americana,1161.245394,0.6,82.3,
McGilvra Woods,2019,2011,Acer saccharum,46.21939125,1.2,81.6,
McGilvra Woods,2019,2012,Fraxinus americana,2303.313414,3.5,82.1,2 stems
McGilvra Woods,2019,2013,Acer saccharum,2000.215557,10,78.9,2 stems
McGilvra Woods,2019,2014,Prunus serotina,646.0107098,16.6,84.1,
McGilvra Woods,2019,2015,Carya cordiformis,279.8333829,20.3,80.7,
McGilvra Woods,2019,2016,Carya cordiformis,754.932374,18.9,79.5,
McGilvra Woods,2019,2017,Acer saccharum,165.4702112,19.8,79,
McGilvra Woods,2019,2018,Acer saccharum,219.3354059,16.3,74.7,
McGilvra Woods,2019,2019,Tilia americana,989.3270206,18.9,72.7,
McGilvra Woods,2019,2020,Acer saccharum,228.6228927,14.1,73.1,
McGilvra Woods,2019,2021,Acer saccharum,252.2359158,13.7,72.2,
McGilvra Woods,2019,2025,Tilia americana,2070.394134,6.9,74.1,3 stems
McGilvra Woods,2019,2026,Acer saccharum,157.583288,0.5,76,
McGilvra Woods,2019,2027,Tilia americana,2159.117444,1.5,72.7,3 stems
McGilvra Woods,2019,2028,Acer saccharum,42.83177828,0.1,70.4,
McGilvra Woods,2019,2053,Acer saccharum,592.6683391,30.3,70.5,
McGilvra Woods,2019,2054,Acer saccharum,798.9609974,25.5,70.5,
McGilvra Woods,2019,2055,Prunus serotina,2510.013509,29.6,74.2,
McGilvra Woods,2019,2056,Acer saccharum,400.0208297,27.4,76,
McGilvra Woods,2019,2057,Acer saccharum,11.26896575,24.1,75.8,
McGilvra Woods,2019,2058,Acer saccharum,261.2759166,23.3,76,
McGilvra Woods,2019,2059,Acer saccharum,959.3891801,24,80.1,
McGilvra Woods,2019,2060,Acer saccharum,784.6728624,24.5,82.3,
McGilvra Woods,2019,2061,Acer saccharum,105.4369667,31.9,76.6,
McGilvra Woods,2019,2062,Acer saccharum,50.93674376,31.5,79.4,
McGilvra Woods,2019,2063,Acer saccharum,442.8613615,33,84.1,
McGilvra Woods,2019,2064,Acer saccharum,673.5437192,18.7,88.2,
McGilvra Woods,2019,2065,Acer saccharum,616.2479397,22.7,91.9,
McGilvra Woods,2019,2066,Acer saccharum,1104.28384,12,91.6,Base of trunk damaged and rotting
McGilvra Woods,2019,2067,Acer saccharum,568.2030412,13.2,91.2,
McGilvra Woods,2019,2068,Acer saccharum,709.1434968,14.7,92.4,
McGilvra Woods,2019,2069,Acer saccharum,516.9639031,9.3,94,
McGilvra Woods,2019,2070,Acer saccharum,583.0927819,9.8,94.9,
McGilvra Woods,2019,2071,Fraxinus americana,1828.894014,10.8,95.5,
McGilvra Woods,2019,2072,Acer saccharum,1087.474691,7.9,100,
McGilvra Woods,2019,2073,Acer saccharum,724.2473009,16.4,99.4,
McGilvra Woods,2019,2074,Acer saccharum,1026.944087,19.8,96.3,
McGilvra Woods,2019,2075,Tilia americana,8187.883611,25.3,99.1,Western stem
McGilvra Woods,2019,2076,Acer saccharum,1083.033472,30.5,95.2,
McGilvra Woods,2019,2078,Quercus rubra,2939.658644,34.8,101.5,
McGilvra Woods,2019,2079,Acer saccharum,82.5091056,47.3,100,
McGilvra Woods,2019,2080,Acer saccharum,240.7218514,47.3,99.9,
McGilvra Woods,2019,2081,Acer saccharum,35.09366495,49.6,93.3,
McGilvra Woods,2019,2082,Prunus serotina,1273.418594,48.6,90.8,
McGilvra Woods,2019,2083,Acer saccharum,22.72812165,44.8,97.3,
McGilvra Woods,2019,2084,Acer saccharum,2441.24982,41.15,89.15,
McGilvra Woods,2019,2085,Acer saccharum,143.0611952,35.9,87.1,
McGilvra Woods,2019,2086,Tilia americana,4982.574677,34,93.7,
McGilvra Woods,2019,2087,Ulmus americana,1039.639081,35.7,92,
McGilvra Woods,2019,2088,Carya cordiformis,456.0179049,36.8,83.9,
McGilvra Woods,2019,2089,Acer saccharum,222.6903921,45.2,83.2,
McGilvra Woods,2019,2090,Acer saccharum,900.8933723,45.9,76.4,
McGilvra Woods,2019,2091,Acer saccharum,1539.729377,44.1,77.5,
McGilvra Woods,2019,2092,Acer saccharum,1643.250118,41.3,77.9,
McGilvra Woods,2019,2093,Acer saccharum,1700.923891,43.2,75.2,
McGilvra Woods,2019,2096,Acer saccharum,464.4905183,40.8,70.3,
McGilvra Woods,2019,2249,Tilia americana,938.5335163,50.6,79.7,
McGilvra Woods,2019,2349,Tilia americana,404.5471963,8.4,75.4,
McGilvra Woods,2019,2359,Acer saccharum,124.7902078,91.1,70.6,
McGilvra Woods,2019,2360,Prunus serotina,1561.947407,93.9,72.5,
McGilvra Woods,2019,2361,Acer saccharum,1247.38005,100,74.5,
McGilvra Woods,2019,2363,Acer saccharum,585.1944229,90.3,76.2,2 stems
McGilvra Woods,2019,2364,Acer saccharum,147.1387449,84.2,71.6,
McGilvra Woods,2019,2365,Acer saccharum,1196.109876,80.7,71,
McGilvra Woods,2019,2378,Acer saccharum,1703.251532,55.9,76.7,
McGilvra Woods,2019,2380,Acer saccharum,442.8613615,57.2,74.8,
McGilvra Woods,2019,2381,Acer saccharum,462.0618139,58.4,72.2,
McGilvra Woods,2019,2382,Acer saccharum,404.5471963,60.2,71.3,
McGilvra Woods,2019,2384,Acer saccharum,300.9818918,62.8,71.8,
McGilvra Woods,2019,2385,Tilia americana,3459.411737,64.8,75.3,
McGilvra Woods,2019,2386,Acer saccharum,1056.075808,66.4,77.8,
McGilvra Woods,2019,2387,Acer saccharum,447.6232774,69.9,70.7,
McGilvra Woods,2019,2388,Acer saccharum,573.5952107,75.4,72.3,
McGilvra Woods,2019,2389,Acer saccharum,1524.058982,74.7,76.7,
McGilvra Woods,2019,2390,Acer saccharum,131.172321,76.7,83.2,
McGilvra Woods,2019,2391,Acer saccharum,1865.264898,73.7,83.7,
McGilvra Woods,2019,2392,Acer saccharum,637.4354415,70.2,83.1,
McGilvra Woods,2019,2393,Acer saccharum,704.6433908,68.7,81,
McGilvra Woods,2019,2394,Acer saccharum,314.8411042,60.5,81.3,
McGilvra Woods,2019,2395,Acer saccharum,75.49037261,57.9,83.1,
McGilvra Woods,2019,2396,Acer saccharum,37.81839758,52.7,82,
McGilvra Woods,2019,2397,Acer saccharum,93.6220995,50.9,90.4,
McGilvra Woods,2019,2398,Tilia americana,1059.745921,50.1,83.2,Near 2249 but considered separate tree because there was no obvious above or below ground connection
McGilvra Woods,2019,2400,Acer saccharum,3911.30355,52.3,99,
McGilvra Woods,2019,2401,Acer saccharum,508.0233741,53.8,98.6,
McGilvra Woods,2019,2402,Acer saccharum,373.3973909,55.4,97.3,
McGilvra Woods,2019,2403,Acer saccharum,133.8445325,53.4,92.7,
McGilvra Woods,2019,2404,Carya cordiformis,1227.533428,58.9,97,
McGilvra Woods,2019,2405,Acer saccharum,761.1457829,54.4,95.7,
McGilvra Woods,2019,2406,Carya cordiformis,1316.049041,57,87.9,
McGilvra Woods,2019,2407,Acer saccharum,77.4638939,56.2,87.1,
McGilvra Woods,2019,2408,Carya cordiformis,254.0311835,59.3,88.4,
McGilvra Woods,2019,2409,Carya cordiformis,1431.026551,61.4,86.3,
McGilvra Woods,2019,2410,Acer saccharum,1561.947407,66.1,88.3,
McGilvra Woods,2019,2411,Acer saccharum,924.7570644,69.8,90.1,
McGilvra Woods,2019,2412,Acer saccharum,1000.003134,72.8,91.6,
McGilvra Woods,2019,2413,Prunus serotina,1848.247256,68.6,93.8,
McGilvra Woods,2019,2414,Acer saccharum,945.4599394,67.8,99.4,
McGilvra Woods,2019,2415,Acer saccharum,764.2620367,73.4,95.8,
McGilvra Woods,2019,2416,Ulmus americana,1489.231901,86.2,78.6,Bacon bark
McGilvra Woods,2019,2417,Ulmus rubra,742.5819504,96.4,82,
McGilvra Woods,2019,2418,Acer saccharum,165.4702112,92.6,82,
McGilvra Woods,2019,2419,Tilia americana,3090.74841,92.15,88.8,
McGilvra Woods,2019,2420,Acer saccharum,253.1327539,90.7,90.3,
McGilvra Woods,2019,2421,Acer saccharum,1000.003134,83.5,85.6,
McGilvra Woods,2019,2422,Acer saccharum,1584.324592,83.2,87.6,
McGilvra Woods,2019,2423,Acer saccharum,644.5775195,80.1,89.3,
McGilvra Woods,2019,2424,Acer saccharum,1597.827298,84,91.1,
McGilvra Woods,2019,2425,Acer saccharum,789.4212501,83.6,94.6,
McGilvra Woods,2019,2426,Acer saccharum,282.6719113,80.6,96.2,
McGilvra Woods,2019,2427,Acer saccharum,189.5089738,82.6,98.1,
McGilvra Woods,2019,2428,Acer saccharum,1650.11845,98.6,97.5,
McGilvra Woods,2019,2429,Acer saccharum,267.6986143,87.7,94.4,
McGilvra Woods,2019,2430,Acer saccharum,91.45122608,91.3,97.3,
McGilvra Woods,2019,2431,Acer saccharum,837.6929444,95.4,97.1,
McGilvra Woods,2019,2432,Acer saccharum,89.30581744,97.3,95.1,
McGilvra Woods,2019,2433,Acer saccharum,897.5097382,99.2,99,
